{"cameraMode":{"drawMode":0,"name":"Shaded","section":"Shading Mode"},"sceneLighting":false,"audioPlay":false,"sceneViewState":{"showFog":true,"showMaterialUpdate":false,"showSkybox":false,"showFlares":false,"showImageEffects":false,"showParticleSystems":false},"in2DMode":false,"pivot":{"x":4.275691509246826,"y":-0.9896293878555298,"z":12.147106170654297},"rotation":{"x":-0.10845845937728882,"y":0.1450408697128296,"z":-0.016001297160983087,"w":-0.9833330512046814},"size":2.115647077560425,"orthographic":false}