{"cameraMode":{"drawMode":0,"name":"Shaded","section":"Shading Mode"},"sceneLighting":false,"audioPlay":false,"sceneViewState":{"showFog":true,"showMaterialUpdate":false,"showSkybox":false,"showFlares":false,"showImageEffects":false,"showParticleSystems":false},"in2DMode":false,"pivot":{"x":0.03525417298078537,"y":0.8917063474655151,"z":0.2649054527282715},"rotation":{"x":0.04313315451145172,"y":0.003940607886761427,"z":0.00016665829753037542,"w":-0.9990615844726563},"size":2.178257703781128,"orthographic":false}