{"cameraMode":{"drawMode":0,"name":"Shaded","section":"Shading Mode"},"sceneLighting":false,"audioPlay":false,"sceneViewState":{"showFog":true,"showMaterialUpdate":false,"showSkybox":false,"showFlares":false,"showImageEffects":false,"showParticleSystems":false},"in2DMode":false,"pivot":{"x":10.370003700256348,"y":-6.266458511352539,"z":-2.34885311126709},"rotation":{"x":-0.029589181765913965,"y":0.3127802312374115,"z":0.009752072393894196,"w":0.9493144750595093},"size":3.6895911693573,"orthographic":false}