{"cameraMode":{"drawMode":0,"name":"Shaded","section":"Shading Mode"},"sceneLighting":false,"audioPlay":false,"sceneViewState":{"showFog":true,"showMaterialUpdate":false,"showSkybox":false,"showFlares":false,"showImageEffects":false,"showParticleSystems":false},"in2DMode":false,"pivot":{"x":16.533611297607423,"y":3.6512160301208498,"z":15.700435638427735},"rotation":{"x":0.08423423767089844,"y":0.870310366153717,"z":-0.16002370417118073,"w":0.45810145139694216},"size":7.342241287231445,"orthographic":false}