{"cameraMode":{"drawMode":0,"name":"Shaded","section":"Shading Mode"},"sceneLighting":false,"audioPlay":false,"sceneViewState":{"showFog":true,"showMaterialUpdate":false,"showSkybox":false,"showFlares":false,"showImageEffects":false,"showParticleSystems":false},"in2DMode":false,"pivot":{"x":2.347382068634033,"y":-1.2076653242111207,"z":-25.01923179626465},"rotation":{"x":0.02343987114727497,"y":0.9675903916358948,"z":-0.0979151576757431,"w":0.23158591985702516},"size":0.9410621523857117,"orthographic":false}