{"cameraMode":{"drawMode":0,"name":"Shaded","section":"Shading Mode"},"sceneLighting":false,"audioPlay":false,"sceneViewState":{"showFog":true,"showMaterialUpdate":false,"showSkybox":false,"showFlares":false,"showImageEffects":false,"showParticleSystems":false},"in2DMode":false,"pivot":{"x":0.0,"y":0.01231359876692295,"z":0.0020641107112169267},"rotation":{"x":-0.2438436597585678,"y":-0.6269963979721069,"z":0.21605373919010163,"w":-0.7076274156570435},"size":0.13378103077411652,"orthographic":false}