{"cameraMode":{"drawMode":0,"name":"Shaded","section":"Shading Mode"},"sceneLighting":false,"audioPlay":false,"sceneViewState":{"showFog":true,"showMaterialUpdate":false,"showSkybox":false,"showFlares":false,"showImageEffects":false,"showParticleSystems":false},"in2DMode":false,"pivot":{"x":3.9033942222595217,"y":19.598133087158204,"z":-20.31710433959961},"rotation":{"x":0.28340792655944826,"y":0.20478104054927827,"z":-0.06207984685897827,"w":0.9348212480545044},"size":2.883681297302246,"orthographic":false}