{"cameraMode":{"drawMode":0,"name":"Shaded","section":"Shading Mode"},"sceneLighting":false,"audioPlay":false,"sceneViewState":{"showFog":true,"showMaterialUpdate":false,"showSkybox":false,"showFlares":false,"showImageEffects":false,"showParticleSystems":false},"in2DMode":false,"pivot":{"x":-0.043074607849121097,"y":-0.3369849920272827,"z":-0.5506448745727539},"rotation":{"x":-0.26825055480003359,"y":0.24184450507164002,"z":-0.06977036595344544,"w":-0.9298843741416931},"size":3.760772705078125,"orthographic":false}