{"cameraMode":{"drawMode":0,"name":"Shaded","section":"Shading Mode"},"sceneLighting":false,"audioPlay":false,"sceneViewState":{"showFog":true,"showMaterialUpdate":false,"showSkybox":false,"showFlares":false,"showImageEffects":false,"showParticleSystems":false},"in2DMode":false,"pivot":{"x":-0.003996998071670532,"y":0.5755205154418945,"z":5.289912223815918e-7},"rotation":{"x":-0.26825055480003359,"y":0.24184450507164002,"z":-0.06977036595344544,"w":-0.9298843741416931},"size":3.341933250427246,"orthographic":false}