{"cameraMode":{"drawMode":0,"name":"Shaded","section":"Shading Mode"},"sceneLighting":false,"audioPlay":false,"sceneViewState":{"showFog":true,"showMaterialUpdate":false,"showSkybox":false,"showFlares":false,"showImageEffects":false,"showParticleSystems":false},"in2DMode":false,"pivot":{"x":15.732267379760743,"y":-4.902983665466309,"z":-8.01009750366211},"rotation":{"x":0.08423423767089844,"y":0.870310366153717,"z":-0.16002370417118073,"w":0.45810145139694216},"size":8.737324714660645,"orthographic":false}