{"cameraMode":{"drawMode":0,"name":"Shaded","section":"Shading Mode"},"sceneLighting":false,"audioPlay":false,"sceneViewState":{"showFog":true,"showMaterialUpdate":false,"showSkybox":false,"showFlares":false,"showImageEffects":false,"showParticleSystems":false},"in2DMode":false,"pivot":{"x":12.993546485900879,"y":-1.4254547357559205,"z":14.408007621765137},"rotation":{"x":-0.011540308594703675,"y":0.9683670997619629,"z":-0.24505209922790528,"w":-0.045623719692230228},"size":2.3614675998687746,"orthographic":false}