{"cameraMode":{"drawMode":0,"name":"Shaded","section":"Shading Mode"},"sceneLighting":false,"audioPlay":false,"sceneViewState":{"showFog":true,"showMaterialUpdate":false,"showSkybox":false,"showFlares":false,"showImageEffects":false,"showParticleSystems":false},"in2DMode":false,"pivot":{"x":0.0,"y":0.7341585159301758,"z":2.9802322387695315e-8},"rotation":{"x":-0.26825055480003359,"y":0.24184450507164002,"z":-0.06977036595344544,"w":-0.9298843741416931},"size":3.7476069927215578,"orthographic":false}