{"cameraMode":{"drawMode":0,"name":"Shaded","section":"Shading Mode"},"sceneLighting":false,"audioPlay":false,"sceneViewState":{"showFog":true,"showMaterialUpdate":false,"showSkybox":false,"showFlares":false,"showImageEffects":false,"showParticleSystems":false},"in2DMode":false,"pivot":{"x":0.2010589838027954,"y":0.03323853015899658,"z":-0.018831253051757814},"rotation":{"x":0.10719122737646103,"y":0.131980299949646,"z":-0.01435460988432169,"w":0.9853350520133972},"size":6.107516765594482,"orthographic":false}