{"cameraMode":{"drawMode":0,"name":"Shaded","section":"Shading Mode"},"sceneLighting":false,"audioPlay":false,"sceneViewState":{"showFog":true,"showMaterialUpdate":false,"showSkybox":false,"showFlares":false,"showImageEffects":false,"showParticleSystems":false},"in2DMode":false,"pivot":{"x":0.3399198651313782,"y":1.755409598350525,"z":-0.846405029296875},"rotation":{"x":0.006327410694211721,"y":0.07071761786937714,"z":-0.0004459991178009659,"w":0.9974762201309204},"size":3.689789295196533,"orthographic":false}