{"cameraMode":{"drawMode":0,"name":"Shaded","section":"Shading Mode"},"sceneLighting":false,"audioPlay":false,"sceneViewState":{"showFog":true,"showMaterialUpdate":false,"showSkybox":false,"showFlares":false,"showImageEffects":false,"showParticleSystems":false},"in2DMode":false,"pivot":{"x":3.7183947563171388,"y":2.483959674835205,"z":0.000006690621376037598},"rotation":{"x":0.09171029180288315,"y":-0.017054075375199319,"z":0.0015755549538880587,"w":0.9956384897232056},"size":8.737326622009278,"orthographic":false}