{"cameraMode":{"drawMode":0,"name":"Shaded","section":"Shading Mode"},"sceneLighting":false,"audioPlay":false,"sceneViewState":{"showFog":true,"showMaterialUpdate":false,"showSkybox":false,"showFlares":false,"showImageEffects":false,"showParticleSystems":false},"in2DMode":false,"pivot":{"x":13.013731956481934,"y":-0.6021571159362793,"z":18.276012420654298},"rotation":{"x":-0.2438436597585678,"y":-0.6269963979721069,"z":0.21605373919010163,"w":-0.7076274156570435},"size":4.730635643005371,"orthographic":false}