{"cameraMode":{"drawMode":0,"name":"Shaded","section":"Shading Mode"},"sceneLighting":false,"audioPlay":false,"sceneViewState":{"showFog":true,"showMaterialUpdate":false,"showSkybox":false,"showFlares":false,"showImageEffects":false,"showParticleSystems":false},"in2DMode":false,"pivot":{"x":21.217161178588868,"y":3.82429575920105,"z":14.310651779174805},"rotation":{"x":-0.029589181765913965,"y":0.3127802312374115,"z":0.009752072393894196,"w":0.9493144750595093},"size":3.1579158306121828,"orthographic":false}