{"cameraMode":{"drawMode":0,"name":"Shaded","section":"Shading Mode"},"sceneLighting":false,"audioPlay":false,"sceneViewState":{"showFog":true,"showMaterialUpdate":false,"showSkybox":false,"showFlares":false,"showImageEffects":false,"showParticleSystems":false},"in2DMode":false,"pivot":{"x":20.393659591674806,"y":3.60675311088562,"z":14.972566604614258},"rotation":{"x":-0.029589181765913965,"y":0.3127802312374115,"z":0.009752072393894196,"w":0.9493144750595093},"size":6.94808292388916,"orthographic":false}