{"cameraMode":{"drawMode":0,"name":"Shaded","section":"Shading Mode"},"sceneLighting":false,"audioPlay":false,"sceneViewState":{"showFog":true,"showMaterialUpdate":false,"showSkybox":false,"showFlares":false,"showImageEffects":false,"showParticleSystems":false},"in2DMode":false,"pivot":{"x":5.066394805908203e-7,"y":0.5705900192260742,"z":0.0017760246992111207},"rotation":{"x":-0.26825055480003359,"y":0.24184450507164002,"z":-0.06977036595344544,"w":-0.9298843741416931},"size":3.760772705078125,"orthographic":false}