{"cameraMode":{"drawMode":0,"name":"Shaded","section":"Shading Mode"},"sceneLighting":false,"audioPlay":false,"sceneViewState":{"showFog":true,"showMaterialUpdate":false,"showSkybox":false,"showFlares":false,"showImageEffects":false,"showParticleSystems":false},"in2DMode":false,"pivot":{"x":-0.07677048444747925,"y":1.2918412685394288,"z":-2.7402119636535646},"rotation":{"x":-0.2786681354045868,"y":-0.21291887760162354,"z":0.06350010633468628,"w":-0.9343326091766357},"size":6.0902838706970219,"orthographic":false}