{"cameraMode":{"drawMode":0,"name":"Shaded","section":"Shading Mode"},"sceneLighting":false,"audioPlay":false,"sceneViewState":{"showFog":true,"showMaterialUpdate":false,"showSkybox":false,"showFlares":false,"showImageEffects":false,"showParticleSystems":false},"in2DMode":false,"pivot":{"x":-71.18970489501953,"y":12.640000343322754,"z":50.37574768066406},"rotation":{"x":0.20611731708049775,"y":-0.5592163801193237,"z":0.14597950875759126,"w":0.7896092534065247},"size":4.015359878540039,"orthographic":false}