{"cameraMode":{"drawMode":0,"name":"Shaded","section":"Shading Mode"},"sceneLighting":false,"audioPlay":false,"sceneViewState":{"showFog":true,"showMaterialUpdate":false,"showSkybox":false,"showFlares":false,"showImageEffects":false,"showParticleSystems":false},"in2DMode":false,"pivot":{"x":0.3016681969165802,"y":0.5729604959487915,"z":0.650303840637207},"rotation":{"x":0.1983385533094406,"y":0.04142475500702858,"z":-0.008387817069888115,"w":0.9792218804359436},"size":4.881885051727295,"orthographic":false}