{"cameraMode":{"drawMode":0,"name":"Shaded","section":"Shading Mode"},"sceneLighting":false,"audioPlay":false,"sceneViewState":{"showFog":true,"showMaterialUpdate":false,"showSkybox":false,"showFlares":false,"showImageEffects":false,"showParticleSystems":false},"in2DMode":false,"pivot":{"x":8.732049942016602,"y":-1.2497203350067139,"z":6.91176176071167},"rotation":{"x":0.06918061524629593,"y":0.21140480041503907,"z":-0.01499896589666605,"w":0.9748318791389465},"size":2.844712972640991,"orthographic":false}