{"cameraMode":{"drawMode":0,"name":"Shaded","section":"Shading Mode"},"sceneLighting":false,"audioPlay":false,"sceneViewState":{"showFog":true,"showMaterialUpdate":false,"showSkybox":false,"showFlares":false,"showImageEffects":false,"showParticleSystems":false},"in2DMode":false,"pivot":{"x":1.7385613918304444,"y":-0.6908172369003296,"z":-24.903236389160158},"rotation":{"x":0.13540856540203095,"y":0.12092769891023636,"z":-0.016648953780531884,"w":0.9832415580749512},"size":0.6410623788833618,"orthographic":false}