{"cameraMode":{"drawMode":0,"name":"Shaded","section":"Shading Mode"},"sceneLighting":false,"audioPlay":false,"sceneViewState":{"showFog":true,"showMaterialUpdate":false,"showSkybox":false,"showFlares":false,"showImageEffects":false,"showParticleSystems":false},"in2DMode":false,"pivot":{"x":-62.27000427246094,"y":10.821999549865723,"z":66.2300033569336},"rotation":{"x":0.20611731708049775,"y":-0.5592163801193237,"z":0.14597950875759126,"w":0.7896092534065247},"size":3.933596611022949,"orthographic":false}