{"cameraMode":{"drawMode":0,"name":"Shaded","section":"Shading Mode"},"sceneLighting":false,"audioPlay":false,"sceneViewState":{"showFog":true,"showMaterialUpdate":false,"showSkybox":false,"showFlares":false,"showImageEffects":false,"showParticleSystems":false},"in2DMode":false,"pivot":{"x":-0.16782283782958985,"y":-0.5297924876213074,"z":0.5938444137573242},"rotation":{"x":0.0871739313006401,"y":-0.7825077176094055,"z":0.11254172027111054,"w":0.6061491370201111},"size":1.7510461807250977,"orthographic":false}