{"cameraMode":{"drawMode":0,"name":"Shaded","section":"Shading Mode"},"sceneLighting":false,"audioPlay":false,"sceneViewState":{"showFog":true,"showMaterialUpdate":false,"showSkybox":false,"showFlares":false,"showImageEffects":false,"showParticleSystems":false},"in2DMode":false,"pivot":{"x":-66.11318969726563,"y":10.139161109924317,"z":78.97808837890625},"rotation":{"x":0.2930978834629059,"y":-0.3808653652667999,"z":0.12869134545326234,"w":0.8674525022506714},"size":1.799901008605957,"orthographic":false}