{"cameraMode":{"drawMode":0,"name":"Shaded","section":"Shading Mode"},"sceneLighting":false,"audioPlay":false,"sceneViewState":{"showFog":true,"showMaterialUpdate":false,"showSkybox":false,"showFlares":false,"showImageEffects":false,"showParticleSystems":false},"in2DMode":false,"pivot":{"x":17.367782592773439,"y":-4.958160400390625,"z":-4.096285820007324},"rotation":{"x":-0.029589179903268815,"y":0.3127802014350891,"z":0.009752071462571621,"w":0.9493144154548645},"size":9.27741813659668,"orthographic":false}