{"cameraMode":{"drawMode":0,"name":"Shaded","section":"Shading Mode"},"sceneLighting":false,"audioPlay":false,"sceneViewState":{"showFog":true,"showMaterialUpdate":false,"showSkybox":false,"showFlares":false,"showImageEffects":false,"showParticleSystems":false},"in2DMode":false,"pivot":{"x":-62.59156036376953,"y":10.833074569702149,"z":66.1250228881836},"rotation":{"x":0.05280454456806183,"y":0.03409591689705849,"z":-0.0018012764630839229,"w":0.9980210661888123},"size":0.5670369863510132,"orthographic":false}