{"cameraMode":{"drawMode":0,"name":"Shaded","section":"Shading Mode"},"sceneLighting":false,"audioPlay":false,"sceneViewState":{"showFog":true,"showMaterialUpdate":false,"showSkybox":false,"showFlares":false,"showImageEffects":false,"showParticleSystems":false},"in2DMode":false,"pivot":{"x":9.981171607971192,"y":-6.25152587890625,"z":-3.5354342460632326},"rotation":{"x":-0.029589181765913965,"y":0.3127802312374115,"z":0.009752072393894196,"w":0.9493144750595093},"size":3.7598793506622316,"orthographic":false}