{"cameraMode":{"drawMode":0,"name":"Shaded","section":"Shading Mode"},"sceneLighting":false,"audioPlay":false,"sceneViewState":{"showFog":true,"showMaterialUpdate":false,"showSkybox":false,"showFlares":false,"showImageEffects":false,"showParticleSystems":false},"in2DMode":false,"pivot":{"x":0.0,"y":0.6263934969902039,"z":2.9802322387695315e-8},"rotation":{"x":0.18555448949337007,"y":-0.23532025516033173,"z":0.04582137614488602,"w":0.9529398679733276},"size":3.3782572746276857,"orthographic":false}