{"cameraMode":{"drawMode":0,"name":"Shaded","section":"Shading Mode"},"sceneLighting":false,"audioPlay":false,"sceneViewState":{"showFog":true,"showMaterialUpdate":false,"showSkybox":false,"showFlares":false,"showImageEffects":false,"showParticleSystems":false},"in2DMode":false,"pivot":{"x":-4.289999961853027,"y":-0.6049942970275879,"z":-2.440000057220459},"rotation":{"x":0.20611731708049775,"y":-0.5592163801193237,"z":0.14597950875759126,"w":0.7896092534065247},"size":3.9335873126983644,"orthographic":false}