{"cameraMode":{"drawMode":0,"name":"Shaded","section":"Shading Mode"},"sceneLighting":false,"audioPlay":false,"sceneViewState":{"showFog":true,"showMaterialUpdate":false,"showSkybox":false,"showFlares":false,"showImageEffects":false,"showParticleSystems":false},"in2DMode":false,"pivot":{"x":-55.77000427246094,"y":10.84000015258789,"z":67.44000244140625},"rotation":{"x":0.3384615480899811,"y":0.14841632544994355,"z":-0.054149579256772998,"w":0.92762291431427},"size":3.9335830211639406,"orthographic":false}