{"cameraMode":{"drawMode":0,"name":"Shaded","section":"Shading Mode"},"sceneLighting":false,"audioPlay":false,"sceneViewState":{"showFog":true,"showMaterialUpdate":false,"showSkybox":false,"showFlares":false,"showImageEffects":false,"showParticleSystems":false},"in2DMode":false,"pivot":{"x":-6.9936981201171879,"y":1.5084264278411866,"z":0.8955053091049194},"rotation":{"x":0.08423423767089844,"y":0.870310366153717,"z":-0.16002370417118073,"w":0.45810145139694216},"size":6.835926532745361,"orthographic":false}