{"cameraMode":{"drawMode":0,"name":"Shaded","section":"Shading Mode"},"sceneLighting":false,"audioPlay":false,"sceneViewState":{"showFog":true,"showMaterialUpdate":false,"showSkybox":false,"showFlares":false,"showImageEffects":false,"showParticleSystems":false},"in2DMode":false,"pivot":{"x":-73.862060546875,"y":10.761866569519043,"z":71.98881530761719},"rotation":{"x":0.055441297590732577,"y":0.8805719614028931,"z":-0.10648217052221298,"w":0.458454966545105},"size":3.033576250076294,"orthographic":false}