{"cameraMode":{"drawMode":0,"name":"Shaded","section":"Shading Mode"},"sceneLighting":false,"audioPlay":false,"sceneViewState":{"showFog":true,"showMaterialUpdate":false,"showSkybox":false,"showFlares":false,"showImageEffects":false,"showParticleSystems":false},"in2DMode":false,"pivot":{"x":0.0002644956111907959,"y":0.6130084991455078,"z":0.0020715296268463136},"rotation":{"x":-0.26825055480003359,"y":0.24184450507164002,"z":-0.06977036595344544,"w":-0.9298843741416931},"size":3.972852945327759,"orthographic":false}