{"cameraMode":{"drawMode":0,"name":"Shaded","section":"Shading Mode"},"sceneLighting":false,"audioPlay":false,"sceneViewState":{"showFog":true,"showMaterialUpdate":false,"showSkybox":false,"showFlares":false,"showImageEffects":false,"showParticleSystems":false},"in2DMode":false,"pivot":{"x":1.7839716672897339,"y":-0.6106986403465271,"z":9.858621597290039},"rotation":{"x":0.04882531985640526,"y":0.6561633944511414,"z":-0.04260748252272606,"w":0.7518312335014343},"size":4.833715915679932,"orthographic":false}