{"cameraMode":{"drawMode":0,"name":"Shaded","section":"Shading Mode"},"sceneLighting":false,"audioPlay":false,"sceneViewState":{"showFog":true,"showMaterialUpdate":false,"showSkybox":false,"showFlares":false,"showImageEffects":false,"showParticleSystems":false},"in2DMode":false,"pivot":{"x":-20.927745819091798,"y":11.440155982971192,"z":34.09012985229492},"rotation":{"x":0.13463902473449708,"y":0.5035114288330078,"z":0.07977979630231857,"w":-0.8496963381767273},"size":1.4764621257781983,"orthographic":false}